страница,основной_запрос,дополнительные_запросы,тема
prodazha-biznesa,продать бизнес,как продать бизнес; продажа бизнеса,продажа бизнеса
prodazha-kompanii,продать компанию,как продать компанию; продажа компании,продажа бизнеса
prodazha-gotovogo-biznesa,продажа готового бизнеса,продать готовый бизнес,продажа бизнеса
prodazha-doli,продажа доли бизнеса,продать долю бизнеса; продажа доли компании,продажа бизнеса
prodazha-ooo,продать ооо,как продать ооо; продажа ооо,продажа бизнеса
prodazha-predpriyatiya,продать предприятие,продажа предприятия,продажа бизнеса
poisk-pokupatelya,поиск покупателя бизнеса,как найти покупателя бизнеса,продажа бизнеса
strategicheskiy-pokupatel,стратегический покупатель бизнеса,как найти стратегического покупателя,продажа бизнеса
exit-biznesa,выход из бизнеса,exit бизнеса; продать бизнес и выйти,продажа бизнеса
kak-prodat-biznes,как продать бизнес,как быстро продать бизнес,продажа бизнеса
kak-prodat-kompaniyu,как продать компанию,как продать фирму,продажа бизнеса
podgotovka-k-prodazhe,подготовка бизнеса к продаже,как подготовить бизнес к продаже,подготовка
upakovka-biznesa,упаковка бизнеса для продажи,как упаковать бизнес для инвестора,подготовка
invest-prezentaciya,презентация бизнеса для инвестора,инвестиционная презентация бизнеса,подготовка
ocenka-biznesa,оценка бизнеса,оценка стоимости бизнеса,оценка
ocenka-kompanii,оценка компании,оценка стоимости компании,оценка
ocenka-doli,оценка доли бизнеса,оценка доли компании,оценка
stoimost-biznesa,стоимость бизнеса,сколько стоит бизнес,оценка
raschet-stoimosti,расчет стоимости бизнеса,как рассчитать стоимость бизнеса,оценка
biznes-broker,бизнес брокер,брокер по продаже бизнеса,брокер
uslugi-brokera,услуги бизнес брокера,помощь в продаже бизнеса,брокер
agentstvo-prodazhi,агентство продажи бизнеса,компания по продаже бизнеса,брокер
soprovozhdenie-sdelki,сопровождение продажи бизнеса,сопровождение сделки продажи бизнеса,брокер
kupit-biznes,купить бизнес,покупка бизнеса,покупка
kupit-gotovyy-biznes,купить готовый бизнес,покупка готового бизнеса,покупка
kupit-kompaniyu,купить компанию,покупка компании,покупка
kupit-dolyu,купить долю бизнеса,инвестиция в долю бизнеса,покупка
due-diligence,due diligence,due diligence бизнеса,due diligence
proverka-biznesa,проверка бизнеса перед покупкой,аудит бизнеса перед покупкой,due diligence
investicii-biznes,инвестиции в бизнес,инвестиции в малый бизнес,инвестиции
nayti-investora,найти инвестора в бизнес,поиск инвестора для бизнеса,инвестиции
strategicheskiy-investor,стратегический инвестор,поиск стратегического инвестора,инвестиции
prodazha-restorana,продать ресторан,продажа ресторана,ниша
prodazha-kafe,продать кафе,продажа кафе,ниша
prodazha-magazina,продать магазин,продажа магазина,ниша
prodazha-internet-magazina,продать интернет магазин,продажа интернет магазина,ниша
prodazha-proizvodstva,продать производство,продажа производства,активы
prodazha-zavoda,продать завод,продажа завода,активы
prodazha-oborudovaniya,продать оборудование,продажа оборудования,активы
prodazha-promyshlennogo-oborudovaniya,продажа промышленного оборудования,продать промышленное оборудование,активы
prodazha-tehnologii,продать технологию,продажа технологии,активы
prodazha-brenda,продать бренд,продажа бренда,активы
prodazha-tm,продать торговую марку,продажа товарного знака,активы
prodazha-it-kompanii,продать it компанию,продажа it бизнеса,активы
prodazha-saas,продать saas бизнес,продажа saas,активы
prodazha-softa,продать софт,продажа программного обеспечения,активы
prodazha-onlayn-servisa,продать онлайн сервис,продажа онлайн сервиса,активы
prodazha-startapa,продать стартап,продажа стартапа,активы
prodazha-internet-biznesa,продажа интернет бизнеса,продать интернет бизнес,активы
prodazha-onlayn-biznesa,продажа онлайн бизнеса,продать онлайн бизнес,активы
prodazha-aktivov,продажа активов компании,продать актив компании,активы
prodazha-neprofilnyh-aktivov,продать непрофильный актив,продажа непрофильных активов,активы
prodazha-zakonservirovannogo-proizvodstva,продать законсервированное производство,продажа законсервированного завода,активы
